{
    "Bleu_1": 0.33107066847825356,
    "Bleu_2": 0.23966920008188403,
    "Bleu_3": 0.1854068653933079,
    "Bleu_4": 0.14776575368083605,
    "Bleu_mean_eq_weight": 0.22597812190857036,
    "METEOR": 0.19147411141611334,
    "ROUGE_L": 0.32952339221446725
}