{
    "Bleu_1": 0.337236553635772,
    "Bleu_2": 0.25575756357266805,
    "Bleu_3": 0.20525908127903802,
    "Bleu_4": 0.16869116483666016,
    "Bleu_mean_eq_weight": 0.24173609083103456,
    "METEOR": 0.20134043935341456,
    "ROUGE_L": 0.34063629377899624
}