{
    "Bleu_1": 0.33812210227360506,
    "Bleu_2": 0.25382931532004566,
    "Bleu_3": 0.20261940356127933,
    "Bleu_4": 0.16612049486865538,
    "Bleu_mean_eq_weight": 0.24017282900589637,
    "METEOR": 0.19904022910890656,
    "ROUGE_L": 0.3399452592155515
}